{
    "parent": "item/handheld",
    "textures": {
        "layer0": "item/diamond_shovel"
    },
    "overrides": [
        {"predicate": {"custom_model_data": 1}, "model": "item/server"},
        {"predicate": {"custom_model_data": 2}, "model": "item/miobot/0"},
        {"predicate": {"custom_model_data": 3}, "model": "item/miobot/1"},
        {"predicate": {"custom_model_data": 4}, "model": "item/miobot/2"},
        {"predicate": {"custom_model_data": 5}, "model": "item/miobot/3"},
        {"predicate": {"custom_model_data": 6}, "model": "item/miobot/4"},
        {"predicate": {"custom_model_data": 7}, "model": "item/miobot/5"},
        {"predicate": {"custom_model_data": 8}, "model": "item/miobot/6"},
        {"predicate": {"custom_model_data": 9}, "model": "item/miobot/7"},
        {"predicate": {"custom_model_data": 10}, "model": "item/miobot/8"},
        {"predicate": {"custom_model_data": 11}, "model": "item/miobot/9"},
        {"predicate": {"custom_model_data": 12}, "model": "item/miobot/s0"},
        {"predicate": {"custom_model_data": 13}, "model": "item/miobot/s1"},
        {"predicate": {"custom_model_data": 14}, "model": "item/miobot/s2"},
        {"predicate": {"custom_model_data": 15}, "model": "item/miobot/s3"},
        {"predicate": {"custom_model_data": 16}, "model": "item/miobot/s4"},
        {"predicate": {"custom_model_data": 17}, "model": "item/miobot/s5"},
        {"predicate": {"custom_model_data": 18}, "model": "item/miobot/s6"},
        {"predicate": {"custom_model_data": 19}, "model": "item/miobot/s7"},
        {"predicate": {"custom_model_data": 20}, "model": "item/miobot/s8"},
        {"predicate": {"custom_model_data": 21}, "model": "item/miobot/s9"},
        {"predicate": {"custom_model_data": 22}, "model": "item/portal"}
    ]
}