{
    "textures": {
		"texture": "entity/chest/ender",
		"side": "block/extra/portal_side",
		"beam": "block/extra/portal_beam"
    },
    "elements": [
        {
            "name": "bottom",
            "from": [ 1.0, 0.0, 1.0 ], 
            "to": [ 15.0, 10.0, 15.0 ], 
            "faces": {
                "north": { "texture": "#texture", "uv": [ 10.5, 8.25, 14.0, 10.75 ] },
                "east": { "texture": "#texture", "uv": [ 7.0, 8.25, 10.5, 10.75 ] },
                "south": { "texture": "#texture", "uv": [ 3.5, 8.25, 7.0, 10.75 ] },
                "west": { "texture": "#texture", "uv": [ 0.0, 8.25, 3.5, 10.75 ] },
                "up": { "texture": "#texture", "uv": [ 3.5, 4.75, 7.0, 8.25 ] },
                "down": { "texture": "#texture", "uv": [ 7.0, 4.75, 10.5, 8.25 ] }
            }
        },
        {
            "name": "top",
            "from": [ 1.0, 10.0, -4.0 ], 
            "to": [ 15.0, 24.0, 1.0 ], 
            "rotation": { "origin": [ 8.0, 10.0, 1.0 ], "axis": "x", "angle": -22.5 },
            "faces": {
                "north": { "texture": "#texture", "uv": [ 3.5, 0.0, 7.0, 3.5 ] },
                "east": { "texture": "#side", "uv": [ 10.0, 0.0, 5.0, 14.0 ] },
                "south": { "texture": "#texture", "uv": [ 7.0, 0.0, 10.5, 3.5 ] },
                "west": { "texture": "#side", "uv": [ 0.0, 0.0, 5.0, 14.0 ] },
                "up": { "texture": "#texture", "uv": [ 3.5, 3.5, 7.0, 4.75 ] },
                "down": { "texture": "#texture", "uv": [ 10.5, 3.5, 14.0, 4.75 ] }
            }
        },
        {
            "name": "buckle",
            "from": [ 7.0, 24.0, 0.0 ], 
            "to": [ 9.0, 25.0, 4.0 ], 
            "rotation": { "origin": [ 8.0, 10.0, 1.0 ], "axis": "x", "angle": -22.5 },
            "faces": {
                "north": { "texture": "#texture", "uv": [ 0.25, 0.0, 0.75, 0.25 ] },
                "east": { "texture": "#side", "uv": [ 14.0, 0.0, 10.0, 1.0 ] },
                "south": { "texture": "#texture", "uv": [ 0.75, 0.0, 1.25, 0.25 ] },
                "west": { "texture": "#side", "uv": [ 10.0, 0.0, 14.0, 1.0 ] },
                "up": { "texture": "#texture", "uv": [ 0.25, 0.25, 0.75, 1.25 ] },
                "down": { "texture": "#texture", "uv": [ 0.75, 0.25, 1.25, 1.25 ] }
            }
        },
		{
            "name": "beam",
            "from": [ 6.0, 10.0, 6.0 ], 
            "to": [ 10.0, 16.0, 10.0 ], 
            "faces": {
                "north": { "texture": "#beam", "uv": [ 0.0, 0.0, 16.0, 16.0 ] },
                "east": { "texture": "#beam", "uv": [ 0.0, 0.0, 16.0, 16.0 ] },
                "south": { "texture": "#beam", "uv": [ 0.0, 0.0, 16.0, 16.0 ] },
                "west": { "texture": "#beam", "uv": [ 0.0, 0.0, 16.0, 16.0 ] },
                "up": { "texture": "#beam", "uv": [ 0.0, 0.0, 16.0, 16.0 ] },
                "down": { "texture": "#beam", "uv": [ 0.0, 0.0, 16.0, 16.0 ] }
            }
        }
    ],
	"display": {
		"head": {
			"rotation": [ 0, 0, 0 ],
			"translation": [ 0, -32, 0 ],
			"scale":[ 1.6, 1.6, 1.6 ]
		}
	}
}