{
	"textures": {
		"base": "block/extra/base",
		"gray": "block/extra/gray",
		"disk_front": "block/extra/disk_front",
		"camera_side": "block/extra/camera_side",
		"camera": "block/extra/camera",
		"light": "block/extra/light",
		"empty": "block/extra/empty"
	},
	"elements": [
		{
			"name": "base",
			"from": [ 0.0, 0.0, 0.0 ], 
			"to": [ 16.0, 7.0, 16.0 ], 
			"faces": {
				"north": { "texture": "#gray", "uv": [ 0.0, 0.0, 16.0, 16.0 ] },
				"east": { "texture": "#base", "uv": [ 0.0, 0.0, 16.0, 16.0 ] },
				"south": { "texture": "#base", "uv": [ 0.0, 0.0, 16.0, 16.0 ] },
				"west": { "texture": "#base", "uv": [ 0.0, 0.0, 16.0, 16.0 ] },
				"up": { "texture": "#base", "uv": [ 0.0, 0.0, 16.0, 16.0 ] },
				"down": { "texture": "#base", "uv": [ 0.0, 0.0, 16.0, 16.0 ] }
			}
		},
		{
			"name": "disk",
			"from": [ 11.0, 4.0, -0.2 ], 
			"to": [ 15.0, 6.0, 0.8 ], 
			"faces": {
				"north": { "texture": "#disk_front", "uv": [ 0.0, 0.0, 16.0, 16.0 ] },
				"east": { "texture": "#gray", "uv": [ 0.0, 0.0, 16.0, 16.0 ] },
				"south": { "texture": "#gray", "uv": [ 0.0, 0.0, 16.0, 16.0 ] },
				"west": { "texture": "#gray", "uv": [ 0.0, 0.0, 16.0, 16.0 ] },
				"up": { "texture": "#gray", "uv": [ 0.0, 0.0, 16.0, 16.0 ] },
				"down": { "texture": "#gray", "uv": [ 0.0, 0.0, 16.0, 16.0 ] }
			}
		},
		{
			"name": "disk",
			"from": [ 11.0, 1.0, -0.2 ], 
			"to": [ 15.0, 3.0, 0.8 ], 
			"faces": {
				"north": { "texture": "#disk_front", "uv": [ 0.0, 0.0, 16.0, 16.0 ] },
				"east": { "texture": "#gray", "uv": [ 0.0, 0.0, 16.0, 16.0 ] },
				"south": { "texture": "#gray", "uv": [ 0.0, 0.0, 16.0, 16.0 ] },
				"west": { "texture": "#gray", "uv": [ 0.0, 0.0, 16.0, 16.0 ] },
				"up": { "texture": "#gray", "uv": [ 0.0, 0.0, 16.0, 16.0 ] },
				"down": { "texture": "#gray", "uv": [ 0.0, 0.0, 16.0, 16.0 ] }
			}
		},
		{
			"name": "disk",
			"from": [ 6.0, 4.0, -0.2 ], 
			"to": [ 10.0, 6.0, 0.8 ], 
			"faces": {
				"north": { "texture": "#disk_front", "uv": [ 0.0, 0.0, 16.0, 16.0 ] },
				"east": { "texture": "#gray", "uv": [ 0.0, 0.0, 16.0, 16.0 ] },
				"south": { "texture": "#gray", "uv": [ 0.0, 0.0, 16.0, 16.0 ] },
				"west": { "texture": "#gray", "uv": [ 0.0, 0.0, 16.0, 16.0 ] },
				"up": { "texture": "#gray", "uv": [ 0.0, 0.0, 16.0, 16.0 ] },
				"down": { "texture": "#gray", "uv": [ 0.0, 0.0, 16.0, 16.0 ] }
			}
		},
		{
			"name": "disk",
			"from": [ 6.0, 1.0, -0.2 ], 
			"to": [ 10.0, 3.0, 0.8 ], 
			"faces": {
				"north": { "texture": "#disk_front", "uv": [ 0.0, 0.0, 16.0, 16.0 ] },
				"east": { "texture": "#gray", "uv": [ 0.0, 0.0, 16.0, 16.0 ] },
				"south": { "texture": "#gray", "uv": [ 0.0, 0.0, 16.0, 16.0 ] },
				"west": { "texture": "#gray", "uv": [ 0.0, 0.0, 16.0, 16.0 ] },
				"up": { "texture": "#gray", "uv": [ 0.0, 0.0, 16.0, 16.0 ] },
				"down": { "texture": "#gray", "uv": [ 0.0, 0.0, 16.0, 16.0 ] }
			}
		},
		{
			"name": "disk",
			"from": [ 1.0, 4.0, -0.2 ], 
			"to": [ 5.0, 6.0, 0.8 ], 
			"faces": {
				"north": { "texture": "#disk_front", "uv": [ 0.0, 0.0, 16.0, 16.0 ] },
				"east": { "texture": "#gray", "uv": [ 0.0, 0.0, 16.0, 16.0 ] },
				"south": { "texture": "#gray", "uv": [ 0.0, 0.0, 16.0, 16.0 ] },
				"west": { "texture": "#gray", "uv": [ 0.0, 0.0, 16.0, 16.0 ] },
				"up": { "texture": "#gray", "uv": [ 0.0, 0.0, 16.0, 16.0 ] },
				"down": { "texture": "#gray", "uv": [ 0.0, 0.0, 16.0, 16.0 ] }
			}
		},
		{
			"name": "disk",
			"from": [ 1.0, 1.0, -0.2 ], 
			"to": [ 5.0, 3.0, 0.8 ], 
			"faces": {
				"north": { "texture": "#disk_front", "uv": [ 0.0, 0.0, 16.0, 16.0 ] },
				"east": { "texture": "#gray", "uv": [ 0.0, 0.0, 16.0, 16.0 ] },
				"south": { "texture": "#gray", "uv": [ 0.0, 0.0, 16.0, 16.0 ] },
				"west": { "texture": "#gray", "uv": [ 0.0, 0.0, 16.0, 16.0 ] },
				"up": { "texture": "#gray", "uv": [ 0.0, 0.0, 16.0, 16.0 ] },
				"down": { "texture": "#gray", "uv": [ 0.0, 0.0, 16.0, 16.0 ] }
			}
		},
		{
			"name": "camera",
			"from": [ 5.0, 7.0, 5.0 ], 
			"to": [ 11.0, 8.0, 11.0 ], 
			"faces": {
				"north": { "texture": "#camera_side", "uv": [ 0.0, 0.0, 16.0, 16.0 ] },
				"east": { "texture": "#camera_side", "uv": [ 0.0, 0.0, 16.0, 16.0 ] },
				"south": { "texture": "#camera_side", "uv": [ 0.0, 0.0, 16.0, 16.0 ] },
				"west": { "texture": "#camera_side", "uv": [ 0.0, 0.0, 16.0, 16.0 ] },
				"up": { "texture": "#camera", "uv": [ 0.0, 0.0, 16.0, 16.0 ] },
				"down": { "texture": "#camera", "uv": [ 0.0, 0.0, 16.0, 16.0 ] }
			}
		},
		{
			"name": "light",
			"from": [ 0.0, 8.0, 5.0 ], 
			"to": [ 16.0, 24.0, 5.0 ], 
			"rotation": { "origin": [ 8.0, 8.0, 5.0 ], "axis": "x", "angle": -22.5 },
			"faces": {
				"north": { "texture": "#light", "uv": [ 0.0, 0.0, 16.0, 16.0 ] },
				"east": { "texture": "#light", "uv": [ 0.0, 0.0, 0.0, 16.0 ] },
				"south": { "texture": "#empty", "uv": [ 0.0, 0.0, 16.0, 16.0 ] },
				"west": { "texture": "#empty", "uv": [ 0.0, 0.0, 0.0, 16.0 ] },
				"up": { "texture": "#empty", "uv": [ 0.0, 0.0, 16.0, 0.0 ] },
				"down": { "texture": "#empty", "uv": [ 0.0, 0.0, 16.0, 0.0 ] }
			}
		},
		{
			"name": "light",
			"from": [ 0.0, 8.0, 11.0 ], 
			"to": [ 16.0, 24.0, 11.0 ], 
			"rotation": { "origin": [ 8.0, 8.0, 11.0 ], "axis": "x", "angle": 22.5 },
			"faces": {
				"north": { "texture": "#light", "uv": [ 0.0, 0.0, 16.0, 16.0 ] },
				"east": { "texture": "#light", "uv": [ 0.0, 0.0, 0.0, 16.0 ] },
				"south": { "texture": "#empty", "uv": [ 0.0, 0.0, 16.0, 16.0 ] },
				"west": { "texture": "#empty", "uv": [ 0.0, 0.0, 0.0, 16.0 ] },
				"up": { "texture": "#empty", "uv": [ 0.0, 0.0, 16.0, 0.0 ] },
				"down": { "texture": "#empty", "uv": [ 0.0, 0.0, 16.0, 0.0 ] }
			}
		},
		{
			"name": "light",
			"from": [ 5.0, 8.0, 0.0 ], 
			"to": [ 5.0, 24.0, 16.0 ], 
			"rotation": { "origin": [ 5.0, 8.0, 8.0 ], "axis": "z", "angle": 22.5 },
			"faces": {
				"north": { "texture": "#light", "uv": [ 0.0, 0.0, 0.0, 16.0 ] },
				"east": { "texture": "#light", "uv": [ 0.0, 0.0, 16.0, 16.0 ] },
				"south": { "texture": "#empty", "uv": [ 0.0, 0.0, 0.0, 16.0 ] },
				"west": { "texture": "#empty", "uv": [ 0.0, 0.0, 16.0, 16.0 ] },
				"up": { "texture": "#empty", "uv": [ 0.0, 0.0, 0.0, 16.0 ] },
				"down": { "texture": "#empty", "uv": [ 0.0, 0.0, 0.0, 16.0 ] }
			}
		},
		{
			"name": "light",
			"from": [ 11.0, 8.0, 0.0 ], 
			"to": [ 11.0, 24.0, 16.0 ], 
			"rotation": { "origin": [ 11.0, 8.0, 8.0 ], "axis": "z", "angle": -22.5 },
			"faces": {
				"north": { "texture": "#light", "uv": [ 0.0, 0.0, 0.0, 16.0 ] },
				"east": { "texture": "#light", "uv": [ 0.0, 0.0, 16.0, 16.0 ] },
				"south": { "texture": "#empty", "uv": [ 0.0, 0.0, 0.0, 16.0 ] },
				"west": { "texture": "#empty", "uv": [ 0.0, 0.0, 16.0, 16.0 ] },
				"up": { "texture": "#empty", "uv": [ 0.0, 0.0, 0.0, 16.0 ] },
				"down": { "texture": "#empty", "uv": [ 0.0, 0.0, 0.0, 16.0 ] }
			}
		}
	],
	"display": {
		"thirdperson_righthand": {
			"rotation": [ 90, 0, 0 ],
			"translation": [ -6, -2, 0 ],
			"scale":[ 3, 1.5, 3 ]
		}
	}
}