{
	"textures": {
		"base": "block/extra/aqua",
		"face": "block/extra/miobot_face",
		"empty": "block/extra/empty"
	},
	"elements": [
		{
			"name": "face",
			"from": [ 2.0, 2.0, -0.01 ], 
			"to": [ 14.0, 14.0, 0.0 ], 
			"faces": {
				"north": { "texture": "#face", "uv": [ 0.0, 0.0, 16.0, 16.0 ] },
				"east": { "texture": "#empty", "uv": [ 0.0, 0.0, 16.0, 16.0 ] },
				"south": { "texture": "#empty", "uv": [ 0.0, 0.0, 16.0, 16.0 ] },
				"west": { "texture": "#empty", "uv": [ 0.0, 0.0, 16.0, 16.0 ] },
				"up": { "texture": "#empty", "uv": [ 0.0, 0.0, 16.0, 16.0 ] },
				"down": { "texture": "#empty", "uv": [ 0.0, 0.0, 16.0, 16.0 ] }
			}
		},
		{
			"name": "body",
			"from": [ 0.0, 0.0, 0.0 ], 
			"to": [ 16.0, 16.0, 14.0 ], 
			"faces": {
				"north": { "texture": "#base", "uv": [ 0.0, 0.0, 16.0, 16.0 ] },
				"east": { "texture": "#base", "uv": [ 0.0, 0.0, 16.0, 16.0 ] },
				"south": { "texture": "#base", "uv": [ 0.0, 0.0, 16.0, 16.0 ] },
				"west": { "texture": "#base", "uv": [ 0.0, 0.0, 16.0, 16.0 ] },
				"up": { "texture": "#base", "uv": [ 0.0, 0.0, 16.0, 16.0 ] },
				"down": { "texture": "#base", "uv": [ 0.0, 0.0, 16.0, 16.0 ] }
			}
		},
		{
			"name": "ear",
			"from": [ 0.6, 14.5, 0.0 ], 
			"to": [ 3.6, 17.5, 3.0 ], 
			"rotation": { "origin": [ 2.1, 16.0, 14.5 ], "axis": "z", "angle": 45.0 },
			"faces": {
				"north": { "texture": "#base", "uv": [ 0.0, 0.0, 16.0, 16.0 ] },
				"east": { "texture": "#base", "uv": [ 0.0, 0.0, 16.0, 16.0 ] },
				"south": { "texture": "#base", "uv": [ 0.0, 0.0, 16.0, 16.0 ] },
				"west": { "texture": "#base", "uv": [ 0.0, 0.0, 16.0, 16.0 ] },
				"up": { "texture": "#base", "uv": [ 0.0, 0.0, 16.0, 16.0 ] },
				"down": { "texture": "#base", "uv": [ 0.0, 0.0, 16.0, 16.0 ] }
			}
		},
		{
			"name": "ear",
			"from": [ 12.4, 14.5, 0.0 ], 
			"to": [ 15.4, 17.5, 3.0 ], 
			"rotation": { "origin": [ 13.9, 16.0, 14.5 ], "axis": "z", "angle": 45.0 },
			"faces": {
				"north": { "texture": "#base", "uv": [ 0.0, 0.0, 16.0, 16.0 ] },
				"east": { "texture": "#base", "uv": [ 0.0, 0.0, 16.0, 16.0 ] },
				"south": { "texture": "#base", "uv": [ 0.0, 0.0, 16.0, 16.0 ] },
				"west": { "texture": "#base", "uv": [ 0.0, 0.0, 16.0, 16.0 ] },
				"up": { "texture": "#base", "uv": [ 0.0, 0.0, 16.0, 16.0 ] },
				"down": { "texture": "#base", "uv": [ 0.0, 0.0, 16.0, 16.0 ] }
			}
		},
		{
			"name": "tail",
			"from": [ 7.0, 3.0, 14.0 ], 
			"to": [ 9.0, 5.0, 20.0 ], 
			"faces": {
				"north": { "texture": "#base", "uv": [ 0.0, 0.0, 16.0, 16.0 ] },
				"east": { "texture": "#base", "uv": [ 0.0, 0.0, 16.0, 16.0 ] },
				"south": { "texture": "#base", "uv": [ 0.0, 0.0, 16.0, 16.0 ] },
				"west": { "texture": "#base", "uv": [ 0.0, 0.0, 16.0, 16.0 ] },
				"up": { "texture": "#base", "uv": [ 0.0, 0.0, 16.0, 16.0 ] },
				"down": { "texture": "#base", "uv": [ 0.0, 0.0, 16.0, 16.0 ] }
			}
		},
		{
			"name": "tail",
			"from": [ 7.0, 3.0, 20.0 ], 
			"to": [ 9.0, 9.0, 22.0 ], 
			"faces": {
				"north": { "texture": "#base", "uv": [ 0.0, 0.0, 16.0, 16.0 ] },
				"east": { "texture": "#base", "uv": [ 0.0, 0.0, 16.0, 16.0 ] },
				"south": { "texture": "#base", "uv": [ 0.0, 0.0, 16.0, 16.0 ] },
				"west": { "texture": "#base", "uv": [ 0.0, 0.0, 16.0, 16.0 ] },
				"up": { "texture": "#base", "uv": [ 0.0, 0.0, 16.0, 16.0 ] },
				"down": { "texture": "#base", "uv": [ 0.0, 0.0, 16.0, 16.0 ] }
			}
		}
	],
	"display": {
		"head": {
			"rotation": [ 0, 0, 0 ],
			"translation": [ 0, -44, 0 ],
			"scale":[ 0.8, 0.8, 0.8 ]
		},
		"gui": {
			"rotation": [ 30, 150, 0 ],
			"translation": [ 0, 0, 0 ],
			"scale":[ 0.6, 0.6, 0.6 ]
		},
		"ground": {
			"rotation": [ 0, 0, 0 ],
			"translation": [ 0, 0, 0 ],
			"scale":[ 0.6, 0.6, 0.6 ]
		},
		"firstperson_righthand": {
			"rotation": [ 0, 0, 0 ],
			"translation": [ 0, 0, 0 ],
			"scale":[ 0.6, 0.6, 0.6 ]
		},
		"firstperson_lefthand": {
			"rotation": [ 0, 0, 0 ],
			"translation": [ 0, 0, 0 ],
			"scale":[ 0.6, 0.6, 0.6 ]
		},
		"thirdperson_righthand": {
			"rotation": [ 0, 0, 0 ],
			"translation": [ 0, 0, 0 ],
			"scale":[ 0.6, 0.6, 0.6 ]
		},
		"thirdperson_lefthand": {
			"rotation": [ 0, 0, 0 ],
			"translation": [ 0, 0, 0 ],
			"scale":[ 0.6, 0.6, 0.6 ]
		}
	}
}